{"cameraMode":{"drawMode":0,"name":"Shaded","section":"Shading Mode"},"sceneLighting":true,"audioPlay":false,"sceneViewState":{"m_AlwaysRefresh":false,"showFog":true,"showSkybox":true,"showFlares":true,"showImageEffects":true,"showParticleSystems":true,"showVisualEffectGraphs":true,"m_FxEnabled":true},"in2DMode":false,"pivot":{"x":-5.2427263259887699,"y":1.7530348300933838,"z":0.16598081588745118},"rotation":{"x":0.23970705270767213,"y":0.09769076108932495,"z":-0.024214396253228189,"w":0.9656611680984497},"size":2.7925808429718019,"orthographic":false}